tag_id,timestamp_utc,value,unit,quality,exported_at_utc
GA-OLW.K-101B.RUN_HRS,2026-09-07T18:00:00Z,172003.0,h,GOOD,2026-09-08T01:30:00Z
GA-OLW.K-101A.RUN_HRS,2026-09-06T21:00:00Z,185573.0,h,GOOD,2026-09-08T01:30:00Z
GA-JNR.G-401.RUN_HRS,2026-09-07T02:00:00Z,210698.0,h,GOOD,2026-09-08T01:30:00Z
GA-OLW.K-101B.RUN_HRS,2026-09-07T07:00:00Z,172003.0,h,GOOD,2026-09-08T01:30:00Z
GA-OLW.P-999.RUN_HRS,2026-09-07T16:00:00Z,184.0,h,GOOD,2026-09-08T01:30:00Z
GA-JNR.G-402.RUN_HRS,2026-09-06T16:00:00Z,205266.0,h,GOOD,2026-09-08T01:30:00Z
GA-JNR.G-401.RUN_HRS,2026-09-06T23:00:00Z,210695.0,h,GOOD,2026-09-08T01:30:00Z
GA-JNR.G-401.RUN_HRS,2026-09-07T12:00:00Z,210708.0,h,GOOD,2026-09-08T01:30:00Z
GA-JNR.K-101.RUN_HRS,2026-09-06T22:00:00Z,150054.0,h,GOOD,2026-09-08T01:30:00Z
GA-JNR.PRESS-2001.PV,2026-09-07T03:00:00Z,13.05,barg,GOOD,2026-09-08T01:30:00Z
GA-JNR.PG.RUN_HRS,2026-09-07T13:00:00Z,415338.0,h,GOOD,2026-09-08T01:30:00Z
GA-JNR.K-101.RUN_HRS,2026-09-07T10:00:00Z,150066.0,h,GOOD,2026-09-08T01:30:00Z
GA-JNR.G-402.RUN_HRS,2026-09-07T13:00:00Z,205287.0,h,GOOD,2026-09-08T01:30:00Z
GA-OLW.P-301A.RUN_HRS,2026-09-07T07:00:00Z,69.0,h,GOOD,2026-09-08T01:30:00Z
GA-JNR.PG.RUN_HRS,2026-09-07T16:00:00Z,415344.0,h,GOOD,2026-09-08T01:30:00Z
GA-JNR.PRESS-2001.PV,2026-09-06T20:00:00Z,12.14,barg,GOOD,2026-09-08T01:30:00Z
GA-OLW.P-777.RUN_HRS,2026-09-06T20:00:00Z,33015.2,h,GOOD,2026-09-08T01:30:00Z
GA-JNR.K-101.RUN_HRS,2026-09-07T18:00:00Z,150074.0,h,GOOD,2026-09-08T01:30:00Z
GA-OLW.K-101A.RUN_HRS,2026-09-08T00:00:00Z,185600.0,h,GOOD,2026-09-08T01:30:00Z
CG-MBK.P-101.RUN_HRS,2026-09-07T16:00:00Z,63286.0,h,GOOD,2026-09-08T01:30:00Z
GA-JNR.G-402.RUN_HRS,2026-09-07T05:00:00Z,205279.0,h,GOOD,2026-09-08T01:30:00Z
GA-JNR.PRESS-2001.PV,2026-09-07T18:00:00Z,12.28,barg,GOOD,2026-09-08T01:30:00Z
GA-OLW.K-101B.RUN_HRS,2026-09-07T23:00:00Z,172003.0,h,GOOD,2026-09-08T01:30:00Z
GA-JNR.K-101.RUN_HRS,2026-09-06T15:00:00Z,150047.0,h,GOOD,2026-09-08T01:30:00Z
CG-MBK.P-101.RUN_HRS,2026-09-06T15:00:00Z,63273.5,h,GOOD,2026-09-08T01:30:00Z
GA-JNR.G-401.RUN_HRS,2026-09-07T06:00:00Z,210702.0,h,GOOD,2026-09-08T01:30:00Z
GA-JNR.PG.RUN_HRS,2026-09-06T19:00:00Z,415302.0,h,GOOD,2026-09-08T01:30:00Z
GA-JNR.PRESS-2001.PV,2026-09-06T18:00:00Z,11.79,barg,GOOD,2026-09-08T01:30:00Z
GA-OLW.K-101A.RUN_HRS,2026-09-07T00:00:00Z,185576.0,h,GOOD,2026-09-08T01:30:00Z
GA-OLW.P-777.RUN_HRS,2026-09-07T09:00:00Z,33016.5,h,GOOD,2026-09-08T01:30:00Z
GA-JNR.PRESS-2001.PV,2026-09-07T11:00:00Z,12.51,barg,GOOD,2026-09-08T01:30:00Z
GA-JNR.PG.RUN_HRS,2026-09-06T14:00:00Z,415292.0,h,GOOD,2026-09-08T01:30:00Z
GA-OLW.P-777.RUN_HRS,2026-09-07T20:00:00Z,33017.6,h,GOOD,2026-09-08T01:30:00Z
GA-OLW.P-301A.RUN_HRS,2026-09-07T01:00:00Z,63.0,h,GOOD,2026-09-08T01:30:00Z
GA-OLW.K-101B.RUN_HRS,2026-09-07T15:00:00Z,172003.0,h,GOOD,2026-09-08T01:30:00Z
GA-OLW.P-301B.RUN_HRS,2026-09-07T15:00:00Z,2470380.0,min,GOOD,2026-09-08T01:30:00Z
GA-JNR.PG.RUN_HRS,2026-09-07T03:00:00Z,415318.0,h,GOOD,2026-09-08T01:30:00Z
GA-JNR.PG.RUN_HRS,2026-09-08T01:00:00Z,415362.0,h,GOOD,2026-09-08T01:30:00Z
GA-OLW.K-101B.RUN_HRS,2026-09-06T18:00:00Z,172003.0,h,GOOD,2026-09-08T01:30:00Z
GA-OLW.P-777.RUN_HRS,2026-09-07T05:00:00Z,33016.1,h,GOOD,2026-09-08T01:30:00Z
GA-OLW.P-301B.RUN_HRS,2026-09-07T04:00:00Z,2469720.0,min,GOOD,2026-09-08T01:30:00Z
GA-JNR.G-402.RUN_HRS,2026-09-07T04:00:00Z,205278.0,h,GOOD,2026-09-08T01:30:00Z
GA-OLW.P-301B.RUN_HRS,2026-09-07T11:00:00Z,2470140.0,min,GOOD,2026-09-08T01:30:00Z
GA-OLW.P-999.RUN_HRS,2026-09-07T12:00:00Z,180.0,h,GOOD,2026-09-08T01:30:00Z
GA-OLW.P-301B.RUN_HRS,2026-09-06T21:00:00Z,2469300.0,min,GOOD,2026-09-08T01:30:00Z
GA-OLW.P-301A.RUN_HRS,2026-09-07T14:00:00Z,76.0,h,GOOD,2026-09-08T01:30:00Z
GA-OLW.P-301A.RUN_HRS,2026-09-08T01:00:00Z,87.0,h,GOOD,2026-09-08T01:30:00Z
GA-JNR.K-101.RUN_HRS,2026-09-07T22:00:00Z,150078.0,h,GOOD,2026-09-08T01:30:00Z
GA-JNR.K-101.RUN_HRS,2026-09-08T01:00:00Z,150081.0,h,GOOD,2026-09-08T01:30:00Z
GA-OLW.P-301A.RUN_HRS,2026-09-07T09:00:00Z,71.0,h,GOOD,2026-09-08T01:30:00Z
GA-JNR.G-402.RUN_HRS,2026-09-08T01:00:00Z,205299.0,h,GOOD,2026-09-08T01:30:00Z
GA-OLW.K-101A.RUN_HRS,2026-09-07T11:00:00Z,185587.0,h,GOOD,2026-09-08T01:30:00Z
GA-JNR.K-101.RUN_HRS,2026-09-06T19:00:00Z,150051.0,h,GOOD,2026-09-08T01:30:00Z
GA-JNR.G-402.RUN_HRS,2026-09-07T23:00:00Z,205297.0,h,GOOD,2026-09-08T01:30:00Z
GA-JNR.PRESS-2001.PV,2026-09-07T09:00:00Z,11.81,barg,GOOD,2026-09-08T01:30:00Z
GA-OLW.K-101B.RUN_HRS,2026-09-06T14:00:00Z,172003.0,h,GOOD,2026-09-08T01:30:00Z
GA-JNR.PG.RUN_HRS,2026-09-06T17:00:00Z,415298.0,h,GOOD,2026-09-08T01:30:00Z
GA-OLW.P-999.RUN_HRS,2026-09-07T00:00:00Z,168.0,h,GOOD,2026-09-08T01:30:00Z
GA-JNR.PRESS-2001.PV,2026-09-07T01:00:00Z,12.61,barg,GOOD,2026-09-08T01:30:00Z
GA-OLW.P-777.RUN_HRS,2026-09-07T18:00:00Z,33017.4,h,GOOD,2026-09-08T01:30:00Z
CG-MBK.P-101.RUN_HRS,2026-09-07T18:00:00Z,63287.0,h,GOOD,2026-09-08T01:30:00Z
CG-MBK.P-101.RUN_HRS,2026-09-06T19:00:00Z,63275.5,h,GOOD,2026-09-08T01:30:00Z
GA-OLW.P-777.RUN_HRS,2026-09-07T03:00:00Z,33015.9,h,GOOD,2026-09-08T01:30:00Z
CG-MBK.P-101.RUN_HRS,2026-09-07T04:00:00Z,63280.0,h,GOOD,2026-09-08T01:30:00Z
GA-OLW.P-777.RUN_HRS,2026-09-07T00:00:00Z,33015.6,h,GOOD,2026-09-08T01:30:00Z
GA-OLW.K-101B.RUN_HRS,2026-09-08T00:00:00Z,172003.0,h,GOOD,2026-09-08T01:30:00Z
GA-OLW.P-999.RUN_HRS,2026-09-07T05:00:00Z,173.0,h,GOOD,2026-09-08T01:30:00Z
GA-OLW.P-777.RUN_HRS,2026-09-07T11:00:00Z,33016.7,h,GOOD,2026-09-08T01:30:00Z
GA-OLW.P-777.RUN_HRS,2026-09-06T23:00:00Z,33015.5,h,GOOD,2026-09-08T01:30:00Z
GA-OLW.P-999.RUN_HRS,2026-09-07T23:00:00Z,191.0,h,GOOD,2026-09-08T01:30:00Z
CG-MBK.P-101.RUN_HRS,2026-09-06T18:00:00Z,63275.0,h,GOOD,2026-09-08T01:30:00Z
GA-OLW.P-777.RUN_HRS,2026-09-07T13:00:00Z,33016.9,h,GOOD,2026-09-08T01:30:00Z
GA-JNR.PG.RUN_HRS,2026-09-07T19:00:00Z,415350.0,h,GOOD,2026-09-08T01:30:00Z
CG-MBK.P-101.RUN_HRS,2026-09-08T00:00:00Z,63290.0,h,GOOD,2026-09-08T01:30:00Z
GA-OLW.P-301A.RUN_HRS,2026-09-07T03:00:00Z,65.0,h,GOOD,2026-09-08T01:30:00Z
GA-OLW.P-301A.RUN_HRS,2026-09-06T19:00:00Z,57.0,h,GOOD,2026-09-08T01:30:00Z
GA-JNR.K-101.RUN_HRS,2026-09-07T23:00:00Z,150079.0,h,GOOD,2026-09-08T01:30:00Z
GA-OLW.P-301B.RUN_HRS,2026-09-06T14:00:00Z,2468880.0,min,GOOD,2026-09-08T01:30:00Z
GA-OLW.P-999.RUN_HRS,2026-09-06T22:00:00Z,166.0,h,GOOD,2026-09-08T01:30:00Z
GA-OLW.K-101B.RUN_HRS,2026-09-07T13:00:00Z,172003.0,h,GOOD,2026-09-08T01:30:00Z
CG-MBK.P-101.RUN_HRS,2026-09-07T19:00:00Z,63287.5,h,GOOD,2026-09-08T01:30:00Z
GA-OLW.P-301A.RUN_HRS,2026-09-06T20:00:00Z,58.0,h,GOOD,2026-09-08T01:30:00Z
GA-JNR.G-401.RUN_HRS,2026-09-06T22:00:00Z,210694.0,h,GOOD,2026-09-08T01:30:00Z
CG-MBK.P-101.RUN_HRS,2026-09-07T21:00:00Z,63288.5,h,GOOD,2026-09-08T01:30:00Z
GA-OLW.P-301B.RUN_HRS,2026-09-07T19:00:00Z,2470620.0,min,GOOD,2026-09-08T01:30:00Z
GA-JNR.G-402.RUN_HRS,2026-09-07T11:00:00Z,205285.0,h,GOOD,2026-09-08T01:30:00Z
GA-JNR.G-401.RUN_HRS,2026-09-06T19:00:00Z,210691.0,h,GOOD,2026-09-08T01:30:00Z
GA-OLW.P-777.RUN_HRS,2026-09-07T17:00:00Z,33017.3,h,GOOD,2026-09-08T01:30:00Z
GA-OLW.K-101B.RUN_HRS,2026-09-07T16:00:00Z,172003.0,h,GOOD,2026-09-08T01:30:00Z
GA-OLW.K-101B.RUN_HRS,2026-09-07T06:00:00Z,172003.0,h,GOOD,2026-09-08T01:30:00Z
CG-MBK.P-101.RUN_HRS,2026-09-07T01:00:00Z,63278.5,h,GOOD,2026-09-08T01:30:00Z
GA-OLW.P-777.RUN_HRS,2026-09-07T21:00:00Z,33017.7,h,GOOD,2026-09-08T01:30:00Z
CG-MBK.P-101.RUN_HRS,2026-09-07T07:00:00Z,63281.5,h,GOOD,2026-09-08T01:30:00Z
GA-OLW.P-999.RUN_HRS,2026-09-07T15:00:00Z,183.0,h,GOOD,2026-09-08T01:30:00Z
GA-OLW.K-101B.RUN_HRS,2026-09-07T11:00:00Z,172003.0,h,GOOD,2026-09-08T01:30:00Z
GA-OLW.P-777.RUN_HRS,2026-09-06T17:00:00Z,33014.9,h,GOOD,2026-09-08T01:30:00Z
GA-JNR.PG.RUN_HRS,2026-09-06T21:00:00Z,415306.0,h,GOOD,2026-09-08T01:30:00Z
GA-JNR.PRESS-2001.PV,2026-09-07T02:00:00Z,11.97,barg,GOOD,2026-09-08T01:30:00Z
GA-JNR.K-101.RUN_HRS,2026-09-07T09:00:00Z,150065.0,h,GOOD,2026-09-08T01:30:00Z
GA-OLW.P-301B.RUN_HRS,2026-09-07T21:00:00Z,2470740.0,min,GOOD,2026-09-08T01:30:00Z
GA-JNR.K-101.RUN_HRS,2026-09-07T00:00:00Z,150056.0,h,GOOD,2026-09-08T01:30:00Z
GA-JNR.K-101.RUN_HRS,2026-09-08T00:00:00Z,150080.0,h,GOOD,2026-09-08T01:30:00Z
GA-OLW.P-301B.RUN_HRS,2026-09-07T16:00:00Z,2470440.0,min,GOOD,2026-09-08T01:30:00Z
GA-JNR.G-401.RUN_HRS,2026-09-06T17:00:00Z,210689.0,h,GOOD,2026-09-08T01:30:00Z
GA-OLW.P-301B.RUN_HRS,2026-09-07T07:00:00Z,2469900.0,min,GOOD,2026-09-08T01:30:00Z
GA-OLW.P-777.RUN_HRS,2026-09-07T14:00:00Z,33017.0,h,GOOD,2026-09-08T01:30:00Z
GA-OLW.K-101B.RUN_HRS,2026-09-06T21:00:00Z,172003.0,h,GOOD,2026-09-08T01:30:00Z
GA-OLW.P-301A.RUN_HRS,2026-09-07T20:00:00Z,82.0,h,GOOD,2026-09-08T01:30:00Z
GA-OLW.K-101A.RUN_HRS,2026-09-07T05:00:00Z,185581.0,h,GOOD,2026-09-08T01:30:00Z
GA-JNR.G-401.RUN_HRS,2026-09-07T07:00:00Z,210703.0,h,GOOD,2026-09-08T01:30:00Z
GA-JNR.G-402.RUN_HRS,2026-09-08T00:00:00Z,205298.0,h,GOOD,2026-09-08T01:30:00Z
GA-OLW.P-301B.RUN_HRS,2026-09-06T18:00:00Z,2469120.0,min,GOOD,2026-09-08T01:30:00Z
GA-JNR.G-402.RUN_HRS,2026-09-07T07:00:00Z,205281.0,h,GOOD,2026-09-08T01:30:00Z
GA-JNR.PG.RUN_HRS,2026-09-06T15:00:00Z,415294.0,h,GOOD,2026-09-08T01:30:00Z
GA-JNR.PG.RUN_HRS,2026-09-07T17:00:00Z,415346.0,h,GOOD,2026-09-08T01:30:00Z
GA-OLW.P-999.RUN_HRS,2026-09-07T02:00:00Z,170.0,h,GOOD,2026-09-08T01:30:00Z
GA-JNR.G-402.RUN_HRS,2026-09-07T08:00:00Z,205282.0,h,GOOD,2026-09-08T01:30:00Z
CG-MBK.P-101.RUN_HRS,2026-09-06T21:00:00Z,63276.5,h,GOOD,2026-09-08T01:30:00Z
GA-OLW.P-999.RUN_HRS,2026-09-07T08:00:00Z,176.0,h,GOOD,2026-09-08T01:30:00Z
GA-OLW.P-301A.RUN_HRS,2026-09-06T21:00:00Z,59.0,h,GOOD,2026-09-08T01:30:00Z
GA-OLW.K-101B.RUN_HRS,2026-09-07T03:00:00Z,172003.0,h,GOOD,2026-09-08T01:30:00Z
GA-OLW.P-301A.RUN_HRS,2026-09-07T05:00:00Z,67.0,h,GOOD,2026-09-08T01:30:00Z
GA-OLW.P-301B.RUN_HRS,2026-09-07T20:00:00Z,2470680.0,min,GOOD,2026-09-08T01:30:00Z
GA-OLW.P-301B.RUN_HRS,2026-09-07T00:00:00Z,2469480.0,min,GOOD,2026-09-08T01:30:00Z
GA-JNR.G-401.RUN_HRS,2026-09-07T01:00:00Z,210697.0,h,GOOD,2026-09-08T01:30:00Z
GA-OLW.K-101B.RUN_HRS,2026-09-07T09:00:00Z,172003.0,h,GOOD,2026-09-08T01:30:00Z
GA-OLW.P-301A.RUN_HRS,2026-09-07T06:00:00Z,68.0,h,GOOD,2026-09-08T01:30:00Z
GA-OLW.P-999.RUN_HRS,2026-09-07T20:00:00Z,188.0,h,GOOD,2026-09-08T01:30:00Z
GA-JNR.PG.RUN_HRS,2026-09-06T16:00:00Z,415296.0,h,GOOD,2026-09-08T01:30:00Z
GA-JNR.G-402.RUN_HRS,2026-09-07T17:00:00Z,205291.0,h,GOOD,2026-09-08T01:30:00Z
GA-OLW.P-777.RUN_HRS,2026-09-08T00:00:00Z,33018.0,h,GOOD,2026-09-08T01:30:00Z
GA-JNR.K-101.RUN_HRS,2026-09-07T12:00:00Z,150068.0,h,GOOD,2026-09-08T01:30:00Z
GA-OLW.P-301A.RUN_HRS,2026-09-07T08:00:00Z,70.0,h,GOOD,2026-09-08T01:30:00Z
CG-MBK.P-101.RUN_HRS,2026-09-07T15:00:00Z,63285.5,h,GOOD,2026-09-08T01:30:00Z
GA-OLW.P-301A.RUN_HRS,2026-09-07T00:00:00Z,62.0,h,GOOD,2026-09-08T01:30:00Z
GA-OLW.K-101B.RUN_HRS,2026-09-07T21:00:00Z,172003.0,h,GOOD,2026-09-08T01:30:00Z
GA-OLW.K-101A.RUN_HRS,2026-09-07T14:00:00Z,185590.0,h,GOOD,2026-09-08T01:30:00Z
GA-JNR.PRESS-2001.PV,2026-09-06T15:00:00Z,12.64,barg,GOOD,2026-09-08T01:30:00Z
GA-OLW.P-777.RUN_HRS,2026-09-07T22:00:00Z,33017.8,h,GOOD,2026-09-08T01:30:00Z
GA-JNR.PRESS-2001.PV,2026-09-07T22:00:00Z,13.17,barg,GOOD,2026-09-08T01:30:00Z
CG-MBK.P-101.RUN_HRS,2026-09-07T17:00:00Z,63286.5,h,GOOD,2026-09-08T01:30:00Z
GA-JNR.G-402.RUN_HRS,2026-09-06T18:00:00Z,205268.0,h,GOOD,2026-09-08T01:30:00Z
GA-JNR.PG.RUN_HRS,2026-09-07T04:00:00Z,415320.0,h,GOOD,2026-09-08T01:30:00Z
GA-JNR.G-402.RUN_HRS,2026-09-07T02:00:00Z,205276.0,h,GOOD,2026-09-08T01:30:00Z
GA-JNR.PRESS-2001.PV,2026-09-07T23:00:00Z,11.76,barg,GOOD,2026-09-08T01:30:00Z
GA-OLW.P-301B.RUN_HRS,2026-09-07T10:00:00Z,2470080.0,min,GOOD,2026-09-08T01:30:00Z
GA-JNR.K-101.RUN_HRS,2026-09-07T11:00:00Z,150067.0,h,GOOD,2026-09-08T01:30:00Z
GA-OLW.K-101A.RUN_HRS,2026-09-07T10:00:00Z,185586.0,h,GOOD,2026-09-08T01:30:00Z
GA-JNR.PRESS-2001.PV,2026-09-06T22:00:00Z,11.97,barg,GOOD,2026-09-08T01:30:00Z
GA-OLW.P-301B.RUN_HRS,2026-09-07T14:00:00Z,2470320.0,min,GOOD,2026-09-08T01:30:00Z
GA-JNR.K-101.RUN_HRS,2026-09-07T20:00:00Z,150076.0,h,GOOD,2026-09-08T01:30:00Z
GA-OLW.P-301A.RUN_HRS,2026-09-07T10:00:00Z,72.0,h,GOOD,2026-09-08T01:30:00Z
GA-JNR.K-101.RUN_HRS,2026-09-07T08:00:00Z,150064.0,h,GOOD,2026-09-08T01:30:00Z
GA-OLW.P-301B.RUN_HRS,2026-09-07T22:00:00Z,2470800.0,min,GOOD,2026-09-08T01:30:00Z
GA-JNR.K-101.RUN_HRS,2026-09-07T03:00:00Z,150059.0,h,GOOD,2026-09-08T01:30:00Z
GA-JNR.PRESS-2001.PV,2026-09-07T17:00:00Z,12.29,barg,GOOD,2026-09-08T01:30:00Z
GA-OLW.K-101B.RUN_HRS,2026-09-06T23:00:00Z,172003.0,h,GOOD,2026-09-08T01:30:00Z
GA-JNR.G-402.RUN_HRS,2026-09-06T20:00:00Z,205270.0,h,GOOD,2026-09-08T01:30:00Z
GA-JNR.PRESS-2001.PV,2026-09-08T01:00:00Z,12.14,barg,GOOD,2026-09-08T01:30:00Z
GA-JNR.K-101.RUN_HRS,2026-09-06T23:00:00Z,150055.0,h,GOOD,2026-09-08T01:30:00Z
GA-OLW.K-101A.RUN_HRS,2026-09-07T02:00:00Z,185578.0,h,GOOD,2026-09-08T01:30:00Z
GA-JNR.K-101.RUN_HRS,2026-09-07T14:00:00Z,150070.0,h,GOOD,2026-09-08T01:30:00Z
GA-OLW.K-101B.RUN_HRS,2026-09-07T00:00:00Z,172003.0,h,GOOD,2026-09-08T01:30:00Z
GA-JNR.PRESS-2001.PV,2026-09-08T00:00:00Z,12.24,barg,GOOD,2026-09-08T01:30:00Z
GA-JNR.PG.RUN_HRS,2026-09-06T18:00:00Z,415300.0,h,GOOD,2026-09-08T01:30:00Z
GA-OLW.K-101B.RUN_HRS,2026-09-07T14:00:00Z,172003.0,h,GOOD,2026-09-08T01:30:00Z
GA-OLW.P-301A.RUN_HRS,2026-09-07T02:00:00Z,64.0,h,GOOD,2026-09-08T01:30:00Z
GA-JNR.PG.RUN_HRS,2026-09-06T20:00:00Z,415304.0,h,GOOD,2026-09-08T01:30:00Z
GA-OLW.P-999.RUN_HRS,2026-09-06T20:00:00Z,164.0,h,GOOD,2026-09-08T01:30:00Z
CG-MBK.P-101.RUN_HRS,2026-09-07T05:00:00Z,63280.5,h,GOOD,2026-09-08T01:30:00Z
GA-OLW.K-101B.RUN_HRS,2026-09-06T20:00:00Z,172003.0,h,GOOD,2026-09-08T01:30:00Z
GA-OLW.P-999.RUN_HRS,2026-09-06T15:00:00Z,159.0,h,GOOD,2026-09-08T01:30:00Z
GA-JNR.PRESS-2001.PV,2026-09-06T16:00:00Z,12.3,barg,GOOD,2026-09-08T01:30:00Z
GA-OLW.P-301B.RUN_HRS,2026-09-07T12:00:00Z,2470200.0,min,GOOD,2026-09-08T01:30:00Z
CG-MBK.P-101.RUN_HRS,2026-09-07T03:00:00Z,63279.5,h,GOOD,2026-09-08T01:30:00Z
CG-MBK.P-101.RUN_HRS,2026-09-07T14:00:00Z,63285.0,h,GOOD,2026-09-08T01:30:00Z
GA-OLW.P-999.RUN_HRS,2026-09-07T10:00:00Z,178.0,h,GOOD,2026-09-08T01:30:00Z
GA-OLW.P-301A.RUN_HRS,2026-09-06T17:00:00Z,55.0,h,GOOD,2026-09-08T01:30:00Z
GA-JNR.PG.RUN_HRS,2026-09-07T15:00:00Z,415342.0,h,GOOD,2026-09-08T01:30:00Z
GA-OLW.K-101B.RUN_HRS,2026-09-07T10:00:00Z,172003.0,h,GOOD,2026-09-08T01:30:00Z
GA-JNR.G-401.RUN_HRS,2026-09-07T18:00:00Z,210714.0,h,GOOD,2026-09-08T01:30:00Z
GA-OLW.P-301A.RUN_HRS,2026-09-07T04:00:00Z,66.0,h,GOOD,2026-09-08T01:30:00Z
GA-OLW.P-301B.RUN_HRS,2026-09-08T00:00:00Z,2470920.0,min,GOOD,2026-09-08T01:30:00Z
GA-JNR.G-402.RUN_HRS,2026-09-07T06:00:00Z,205280.0,h,GOOD,2026-09-08T01:30:00Z
GA-OLW.P-301B.RUN_HRS,2026-09-07T01:00:00Z,2469540.0,min,GOOD,2026-09-08T01:30:00Z
GA-OLW.K-101B.RUN_HRS,2026-09-08T01:00:00Z,172003.0,h,GOOD,2026-09-08T01:30:00Z
CG-MBK.P-101.RUN_HRS,2026-09-07T06:00:00Z,63281.0,h,GOOD,2026-09-08T01:30:00Z
GA-OLW.P-999.RUN_HRS,2026-09-08T00:00:00Z,192.0,h,GOOD,2026-09-08T01:30:00Z
GA-JNR.K-101.RUN_HRS,2026-09-06T16:00:00Z,150048.0,h,GOOD,2026-09-08T01:30:00Z
GA-OLW.P-999.RUN_HRS,2026-09-07T04:00:00Z,172.0,h,GOOD,2026-09-08T01:30:00Z
GA-OLW.P-999.RUN_HRS,2026-09-08T01:00:00Z,193.0,h,GOOD,2026-09-08T01:30:00Z
GA-JNR.PRESS-2001.PV,2026-09-07T14:00:00Z,12.89,barg,GOOD,2026-09-08T01:30:00Z
GA-OLW.K-101B.RUN_HRS,2026-09-07T08:00:00Z,172003.0,h,GOOD,2026-09-08T01:30:00Z
GA-OLW.P-999.RUN_HRS,2026-09-06T23:00:00Z,167.0,h,GOOD,2026-09-08T01:30:00Z
GA-OLW.K-101B.RUN_HRS,2026-09-06T16:00:00Z,172003.0,h,GOOD,2026-09-08T01:30:00Z
GA-OLW.P-301A.RUN_HRS,2026-09-07T17:00:00Z,79.0,h,GOOD,2026-09-08T01:30:00Z
GA-JNR.PRESS-2001.PV,2026-09-06T23:00:00Z,11.95,barg,GOOD,2026-09-08T01:30:00Z
GA-OLW.K-101A.RUN_HRS,2026-09-07T15:00:00Z,185591.0,h,GOOD,2026-09-08T01:30:00Z
CG-MBK.P-101.RUN_HRS,2026-09-07T08:00:00Z,63282.0,h,GOOD,2026-09-08T01:30:00Z
CG-MBK.P-101.RUN_HRS,2026-09-06T14:00:00Z,63273.0,h,GOOD,2026-09-08T01:30:00Z
CG-MBK.P-101.RUN_HRS,2026-09-07T09:00:00Z,63282.5,h,GOOD,2026-09-08T01:30:00Z
GA-OLW.P-301B.RUN_HRS,2026-09-06T15:00:00Z,2468940.0,min,GOOD,2026-09-08T01:30:00Z
CG-MBK.P-101.RUN_HRS,2026-09-07T02:00:00Z,63279.0,h,GOOD,2026-09-08T01:30:00Z
GA-JNR.K-101.RUN_HRS,2026-09-06T17:00:00Z,150049.0,h,GOOD,2026-09-08T01:30:00Z
GA-JNR.G-402.RUN_HRS,2026-09-07T22:00:00Z,205296.0,h,GOOD,2026-09-08T01:30:00Z
GA-OLW.P-777.RUN_HRS,2026-09-06T19:00:00Z,33015.1,h,GOOD,2026-09-08T01:30:00Z
GA-OLW.P-777.RUN_HRS,2026-09-07T10:00:00Z,33016.6,h,GOOD,2026-09-08T01:30:00Z
GA-OLW.K-101A.RUN_HRS,2026-09-07T23:00:00Z,185599.0,h,GOOD,2026-09-08T01:30:00Z
CG-MBK.P-101.RUN_HRS,2026-09-06T20:00:00Z,63276.0,h,GOOD,2026-09-08T01:30:00Z
GA-OLW.P-777.RUN_HRS,2026-09-07T19:00:00Z,33017.5,h,GOOD,2026-09-08T01:30:00Z
GA-OLW.K-101A.RUN_HRS,2026-09-07T01:00:00Z,185577.0,h,GOOD,2026-09-08T01:30:00Z
GA-JNR.G-402.RUN_HRS,2026-09-07T14:00:00Z,205288.0,h,GOOD,2026-09-08T01:30:00Z
GA-JNR.K-101.RUN_HRS,2026-09-07T13:00:00Z,150069.0,h,GOOD,2026-09-08T01:30:00Z
GA-OLW.P-777.RUN_HRS,2026-09-06T22:00:00Z,33015.4,h,GOOD,2026-09-08T01:30:00Z
GA-JNR.PRESS-2001.PV,2026-09-06T17:00:00Z,12.43,barg,GOOD,2026-09-08T01:30:00Z
GA-OLW.P-999.RUN_HRS,2026-09-07T09:00:00Z,177.0,h,GOOD,2026-09-08T01:30:00Z
GA-OLW.P-777.RUN_HRS,2026-09-06T16:00:00Z,33014.8,h,GOOD,2026-09-08T01:30:00Z
GA-OLW.P-301A.RUN_HRS,2026-09-08T00:00:00Z,86.0,h,GOOD,2026-09-08T01:30:00Z
GA-JNR.PG.RUN_HRS,2026-09-07T11:00:00Z,415334.0,h,GOOD,2026-09-08T01:30:00Z
GA-JNR.PRESS-2001.PV,2026-09-07T20:00:00Z,12.77,barg,GOOD,2026-09-08T01:30:00Z
GA-JNR.G-402.RUN_HRS,2026-09-07T03:00:00Z,205277.0,h,GOOD,2026-09-08T01:30:00Z
GA-OLW.P-301B.RUN_HRS,2026-09-06T17:00:00Z,2469060.0,min,GOOD,2026-09-08T01:30:00Z
GA-JNR.G-401.RUN_HRS,2026-09-08T00:00:00Z,210720.0,h,GOOD,2026-09-08T01:30:00Z
GA-OLW.P-301A.RUN_HRS,2026-09-07T15:00:00Z,77.0,h,GOOD,2026-09-08T01:30:00Z
GA-JNR.PG.RUN_HRS,2026-09-08T00:00:00Z,415360.0,h,GOOD,2026-09-08T01:30:00Z
GA-JNR.PG.RUN_HRS,2026-09-07T09:00:00Z,415330.0,h,GOOD,2026-09-08T01:30:00Z
GA-OLW.P-777.RUN_HRS,2026-09-07T16:00:00Z,33017.2,h,GOOD,2026-09-08T01:30:00Z
GA-OLW.P-301A.RUN_HRS,2026-09-07T11:00:00Z,73.0,h,GOOD,2026-09-08T01:30:00Z
GA-JNR.G-401.RUN_HRS,2026-09-07T21:00:00Z,210717.0,h,GOOD,2026-09-08T01:30:00Z
GA-OLW.P-301A.RUN_HRS,2026-09-07T13:00:00Z,75.0,h,GOOD,2026-09-08T01:30:00Z
GA-OLW.P-999.RUN_HRS,2026-09-07T13:00:00Z,181.0,h,GOOD,2026-09-08T01:30:00Z
GA-OLW.P-301B.RUN_HRS,2026-09-08T01:00:00Z,2470980.0,min,GOOD,2026-09-08T01:30:00Z
GA-OLW.K-101B.RUN_HRS,2026-09-06T15:00:00Z,172003.0,h,GOOD,2026-09-08T01:30:00Z
GA-OLW.P-301A.RUN_HRS,2026-09-07T23:00:00Z,85.0,h,GOOD,2026-09-08T01:30:00Z
GA-OLW.K-101B.RUN_HRS,2026-09-07T17:00:00Z,172003.0,h,GOOD,2026-09-08T01:30:00Z
GA-OLW.P-301A.RUN_HRS,2026-09-07T16:00:00Z,78.0,h,GOOD,2026-09-08T01:30:00Z
GA-JNR.G-401.RUN_HRS,2026-09-07T19:00:00Z,210715.0,h,GOOD,2026-09-08T01:30:00Z
GA-OLW.K-101A.RUN_HRS,2026-09-06T15:00:00Z,185567.0,h,GOOD,2026-09-08T01:30:00Z
GA-OLW.P-999.RUN_HRS,2026-09-06T18:00:00Z,162.0,h,GOOD,2026-09-08T01:30:00Z
GA-JNR.G-401.RUN_HRS,2026-09-06T20:00:00Z,210692.0,h,GOOD,2026-09-08T01:30:00Z
GA-OLW.K-101A.RUN_HRS,2026-09-06T23:00:00Z,185575.0,h,GOOD,2026-09-08T01:30:00Z
GA-JNR.G-402.RUN_HRS,2026-09-06T15:00:00Z,205265.0,h,GOOD,2026-09-08T01:30:00Z
GA-JNR.G-402.RUN_HRS,2026-09-06T21:00:00Z,205271.0,h,GOOD,2026-09-08T01:30:00Z
GA-JNR.G-401.RUN_HRS,2026-09-07T11:00:00Z,210707.0,h,GOOD,2026-09-08T01:30:00Z
GA-JNR.G-402.RUN_HRS,2026-09-07T10:00:00Z,205284.0,h,GOOD,2026-09-08T01:30:00Z
GA-OLW.P-301A.RUN_HRS,2026-09-07T21:00:00Z,83.0,h,GOOD,2026-09-08T01:30:00Z
GA-OLW.P-999.RUN_HRS,2026-09-07T19:00:00Z,187.0,h,GOOD,2026-09-08T01:30:00Z
CG-MBK.P-101.RUN_HRS,2026-09-07T10:00:00Z,63283.0,h,GOOD,2026-09-08T01:30:00Z
GA-OLW.K-101A.RUN_HRS,2026-09-07T19:00:00Z,185595.0,h,GOOD,2026-09-08T01:30:00Z
GA-OLW.P-301A.RUN_HRS,2026-09-07T18:00:00Z,80.0,h,GOOD,2026-09-08T01:30:00Z
GA-OLW.P-301A.RUN_HRS,2026-09-07T12:00:00Z,74.0,h,GOOD,2026-09-08T01:30:00Z
GA-JNR.G-401.RUN_HRS,2026-09-06T18:00:00Z,210690.0,h,GOOD,2026-09-08T01:30:00Z
GA-JNR.PG.RUN_HRS,2026-09-07T07:00:00Z,415326.0,h,GOOD,2026-09-08T01:30:00Z
GA-JNR.PG.RUN_HRS,2026-09-07T18:00:00Z,415348.0,h,GOOD,2026-09-08T01:30:00Z
GA-JNR.PG.RUN_HRS,2026-09-07T05:00:00Z,415322.0,h,GOOD,2026-09-08T01:30:00Z
GA-OLW.P-999.RUN_HRS,2026-09-06T19:00:00Z,163.0,h,GOOD,2026-09-08T01:30:00Z
GA-JNR.G-401.RUN_HRS,2026-09-07T17:00:00Z,210713.0,h,GOOD,2026-09-08T01:30:00Z
GA-JNR.PG.RUN_HRS,2026-09-06T23:00:00Z,415310.0,h,GOOD,2026-09-08T01:30:00Z
GA-OLW.K-101B.RUN_HRS,2026-09-06T19:00:00Z,172003.0,h,GOOD,2026-09-08T01:30:00Z
GA-OLW.K-101A.RUN_HRS,2026-09-07T16:00:00Z,185592.0,h,GOOD,2026-09-08T01:30:00Z
GA-OLW.P-999.RUN_HRS,2026-09-06T21:00:00Z,165.0,h,GOOD,2026-09-08T01:30:00Z
GA-JNR.G-402.RUN_HRS,2026-09-06T23:00:00Z,205273.0,h,GOOD,2026-09-08T01:30:00Z
GA-JNR.G-401.RUN_HRS,2026-09-07T04:00:00Z,210700.0,h,GOOD,2026-09-08T01:30:00Z
GA-JNR.G-401.RUN_HRS,2026-09-07T14:00:00Z,210710.0,h,GOOD,2026-09-08T01:30:00Z
GA-OLW.P-777.RUN_HRS,2026-09-06T14:00:00Z,33014.6,h,GOOD,2026-09-08T01:30:00Z
GA-JNR.PG.RUN_HRS,2026-09-07T00:00:00Z,415312.0,h,GOOD,2026-09-08T01:30:00Z
GA-JNR.K-101.RUN_HRS,2026-09-06T20:00:00Z,150052.0,h,GOOD,2026-09-08T01:30:00Z
GA-OLW.P-999.RUN_HRS,2026-09-07T17:00:00Z,185.0,h,GOOD,2026-09-08T01:30:00Z
GA-OLW.K-101A.RUN_HRS,2026-09-07T07:00:00Z,185583.0,h,GOOD,2026-09-08T01:30:00Z
GA-JNR.PRESS-2001.PV,2026-09-07T08:00:00Z,11.94,barg,GOOD,2026-09-08T01:30:00Z
GA-OLW.P-777.RUN_HRS,2026-09-07T01:00:00Z,33015.7,h,GOOD,2026-09-08T01:30:00Z
GA-JNR.G-401.RUN_HRS,2026-09-06T14:00:00Z,210686.0,h,GOOD,2026-09-08T01:30:00Z
CG-MBK.P-101.RUN_HRS,2026-09-08T01:00:00Z,63290.5,h,GOOD,2026-09-08T01:30:00Z
CG-MBK.P-101.RUN_HRS,2026-09-06T23:00:00Z,63277.5,h,GOOD,2026-09-08T01:30:00Z
GA-OLW.P-301A.RUN_HRS,2026-09-06T14:00:00Z,52.0,h,GOOD,2026-09-08T01:30:00Z
GA-OLW.P-301B.RUN_HRS,2026-09-06T20:00:00Z,2469240.0,min,GOOD,2026-09-08T01:30:00Z
GA-OLW.P-999.RUN_HRS,2026-09-07T21:00:00Z,189.0,h,GOOD,2026-09-08T01:30:00Z
GA-OLW.K-101A.RUN_HRS,2026-09-07T18:00:00Z,185594.0,h,GOOD,2026-09-08T01:30:00Z
GA-OLW.K-101B.RUN_HRS,2026-09-07T20:00:00Z,172003.0,h,GOOD,2026-09-08T01:30:00Z
GA-JNR.K-101.RUN_HRS,2026-09-07T07:00:00Z,150063.0,h,GOOD,2026-09-08T01:30:00Z
GA-JNR.K-101.RUN_HRS,2026-09-07T04:00:00Z,150060.0,h,GOOD,2026-09-08T01:30:00Z
GA-JNR.K-101.RUN_HRS,2026-09-07T05:00:00Z,150061.0,h,GOOD,2026-09-08T01:30:00Z
GA-JNR.PRESS-2001.PV,2026-09-07T16:00:00Z,11.76,barg,GOOD,2026-09-08T01:30:00Z
GA-JNR.G-401.RUN_HRS,2026-09-07T23:00:00Z,210719.0,h,GOOD,2026-09-08T01:30:00Z
GA-OLW.K-101A.RUN_HRS,2026-09-06T16:00:00Z,185568.0,h,GOOD,2026-09-08T01:30:00Z
GA-JNR.PRESS-2001.PV,2026-09-07T21:00:00Z,12.68,barg,GOOD,2026-09-08T01:30:00Z
GA-JNR.K-101.RUN_HRS,2026-09-07T02:00:00Z,150058.0,h,GOOD,2026-09-08T01:30:00Z
GA-JNR.PRESS-2001.PV,2026-09-07T13:00:00Z,12.86,barg,GOOD,2026-09-08T01:30:00Z
GA-OLW.K-101B.RUN_HRS,2026-09-06T17:00:00Z,172003.0,h,GOOD,2026-09-08T01:30:00Z
GA-OLW.K-101A.RUN_HRS,2026-09-06T19:00:00Z,185571.0,h,GOOD,2026-09-08T01:30:00Z
GA-OLW.P-301B.RUN_HRS,2026-09-07T05:00:00Z,2469780.0,min,GOOD,2026-09-08T01:30:00Z
GA-JNR.PRESS-2001.PV,2026-09-07T19:00:00Z,12.35,barg,GOOD,2026-09-08T01:30:00Z
GA-JNR.PRESS-2001.PV,2026-09-07T04:00:00Z,12.98,barg,GOOD,2026-09-08T01:30:00Z
GA-JNR.G-401.RUN_HRS,2026-09-06T21:00:00Z,210693.0,h,GOOD,2026-09-08T01:30:00Z
GA-OLW.P-301B.RUN_HRS,2026-09-07T13:00:00Z,2470260.0,min,GOOD,2026-09-08T01:30:00Z
GA-JNR.G-401.RUN_HRS,2026-09-07T20:00:00Z,210716.0,h,GOOD,2026-09-08T01:30:00Z
GA-JNR.K-101.RUN_HRS,2026-09-07T19:00:00Z,150075.0,h,GOOD,2026-09-08T01:30:00Z
GA-JNR.G-401.RUN_HRS,2026-09-08T01:00:00Z,210721.0,h,GOOD,2026-09-08T01:30:00Z
GA-OLW.K-101A.RUN_HRS,2026-09-07T13:00:00Z,185589.0,h,GOOD,2026-09-08T01:30:00Z
GA-OLW.P-301B.RUN_HRS,2026-09-07T08:00:00Z,2469960.0,min,GOOD,2026-09-08T01:30:00Z
GA-JNR.G-401.RUN_HRS,2026-09-07T08:00:00Z,210704.0,h,GOOD,2026-09-08T01:30:00Z
GA-OLW.K-101A.RUN_HRS,2026-09-07T22:00:00Z,185598.0,h,GOOD,2026-09-08T01:30:00Z
GA-OLW.P-301B.RUN_HRS,2026-09-06T22:00:00Z,2469360.0,min,GOOD,2026-09-08T01:30:00Z
CG-MBK.P-101.RUN_HRS,2026-09-06T16:00:00Z,63274.0,h,GOOD,2026-09-08T01:30:00Z
CG-MBK.P-101.RUN_HRS,2026-09-07T23:00:00Z,63289.5,h,GOOD,2026-09-08T01:30:00Z
GA-OLW.P-999.RUN_HRS,2026-09-07T06:00:00Z,174.0,h,GOOD,2026-09-08T01:30:00Z
GA-OLW.P-301B.RUN_HRS,2026-09-07T06:00:00Z,2469840.0,min,GOOD,2026-09-08T01:30:00Z
GA-JNR.G-401.RUN_HRS,2026-09-07T15:00:00Z,210711.0,h,GOOD,2026-09-08T01:30:00Z
GA-OLW.K-101B.RUN_HRS,2026-09-07T01:00:00Z,172003.0,h,GOOD,2026-09-08T01:30:00Z
GA-JNR.G-401.RUN_HRS,2026-09-07T05:00:00Z,210701.0,h,GOOD,2026-09-08T01:30:00Z
CG-MBK.P-101.RUN_HRS,2026-09-06T17:00:00Z,63274.5,h,GOOD,2026-09-08T01:30:00Z
GA-OLW.P-301A.RUN_HRS,2026-09-06T18:00:00Z,56.0,h,GOOD,2026-09-08T01:30:00Z
GA-OLW.K-101A.RUN_HRS,2026-09-06T17:00:00Z,185569.0,h,GOOD,2026-09-08T01:30:00Z
GA-JNR.G-402.RUN_HRS,2026-09-07T21:00:00Z,205295.0,h,GOOD,2026-09-08T01:30:00Z
GA-OLW.P-999.RUN_HRS,2026-09-07T11:00:00Z,179.0,h,GOOD,2026-09-08T01:30:00Z
GA-JNR.PG.RUN_HRS,2026-09-07T20:00:00Z,415352.0,h,GOOD,2026-09-08T01:30:00Z
GA-JNR.PRESS-2001.PV,2026-09-07T12:00:00Z,12.36,barg,GOOD,2026-09-08T01:30:00Z
GA-OLW.P-301B.RUN_HRS,2026-09-07T23:00:00Z,2470860.0,min,GOOD,2026-09-08T01:30:00Z
GA-JNR.G-401.RUN_HRS,2026-09-06T15:00:00Z,210687.0,h,GOOD,2026-09-08T01:30:00Z
GA-JNR.PRESS-2001.PV,2026-09-07T15:00:00Z,11.9,barg,GOOD,2026-09-08T01:30:00Z
GA-JNR.G-401.RUN_HRS,2026-09-07T00:00:00Z,210696.0,h,GOOD,2026-09-08T01:30:00Z
GA-OLW.P-999.RUN_HRS,2026-09-07T01:00:00Z,169.0,h,GOOD,2026-09-08T01:30:00Z
GA-JNR.PG.RUN_HRS,2026-09-07T21:00:00Z,415354.0,h,GOOD,2026-09-08T01:30:00Z
GA-JNR.K-101.RUN_HRS,2026-09-06T18:00:00Z,150050.0,h,GOOD,2026-09-08T01:30:00Z
GA-OLW.P-999.RUN_HRS,2026-09-07T14:00:00Z,182.0,h,GOOD,2026-09-08T01:30:00Z
GA-OLW.P-777.RUN_HRS,2026-09-07T04:00:00Z,33016.0,h,GOOD,2026-09-08T01:30:00Z
GA-OLW.P-301A.RUN_HRS,2026-09-07T19:00:00Z,81.0,h,GOOD,2026-09-08T01:30:00Z
GA-OLW.P-777.RUN_HRS,2026-09-07T02:00:00Z,33015.8,h,GOOD,2026-09-08T01:30:00Z
GA-OLW.P-999.RUN_HRS,2026-09-07T07:00:00Z,175.0,h,GOOD,2026-09-08T01:30:00Z
GA-JNR.PG.RUN_HRS,2026-09-07T08:00:00Z,415328.0,h,GOOD,2026-09-08T01:30:00Z
GA-OLW.K-101A.RUN_HRS,2026-09-07T17:00:00Z,185593.0,h,GOOD,2026-09-08T01:30:00Z
GA-OLW.P-301A.RUN_HRS,2026-09-06T16:00:00Z,54.0,h,GOOD,2026-09-08T01:30:00Z
GA-JNR.G-402.RUN_HRS,2026-09-07T20:00:00Z,205294.0,h,GOOD,2026-09-08T01:30:00Z
GA-JNR.G-402.RUN_HRS,2026-09-07T15:00:00Z,205289.0,h,GOOD,2026-09-08T01:30:00Z
GA-OLW.P-777.RUN_HRS,2026-09-07T08:00:00Z,33016.4,h,GOOD,2026-09-08T01:30:00Z
GA-JNR.PG.RUN_HRS,2026-09-07T01:00:00Z,415314.0,h,GOOD,2026-09-08T01:30:00Z
GA-JNR.PG.RUN_HRS,2026-09-07T06:00:00Z,415324.0,h,GOOD,2026-09-08T01:30:00Z
GA-OLW.K-101B.RUN_HRS,2026-09-07T22:00:00Z,172003.0,h,GOOD,2026-09-08T01:30:00Z
GA-OLW.P-301B.RUN_HRS,2026-09-06T16:00:00Z,2469000.0,min,GOOD,2026-09-08T01:30:00Z
GA-JNR.G-402.RUN_HRS,2026-09-07T19:00:00Z,205293.0,h,GOOD,2026-09-08T01:30:00Z
GA-JNR.K-101.RUN_HRS,2026-09-06T14:00:00Z,150046.0,h,GOOD,2026-09-08T01:30:00Z
GA-JNR.PRESS-2001.PV,2026-09-07T07:00:00Z,12.67,barg,GOOD,2026-09-08T01:30:00Z
GA-OLW.K-101A.RUN_HRS,2026-09-06T22:00:00Z,185574.0,h,GOOD,2026-09-08T01:30:00Z
GA-OLW.P-301B.RUN_HRS,2026-09-07T02:00:00Z,2469600.0,min,GOOD,2026-09-08T01:30:00Z
GA-JNR.G-402.RUN_HRS,2026-09-07T00:00:00Z,205274.0,h,GOOD,2026-09-08T01:30:00Z
CG-MBK.P-101.RUN_HRS,2026-09-07T00:00:00Z,63278.0,h,GOOD,2026-09-08T01:30:00Z
GA-OLW.K-101A.RUN_HRS,2026-09-07T04:00:00Z,185580.0,h,GOOD,2026-09-08T01:30:00Z
CG-MBK.P-101.RUN_HRS,2026-09-07T11:00:00Z,63283.5,h,GOOD,2026-09-08T01:30:00Z
GA-JNR.PRESS-2001.PV,2026-09-07T00:00:00Z,11.71,barg,GOOD,2026-09-08T01:30:00Z
GA-JNR.G-402.RUN_HRS,2026-09-07T16:00:00Z,205290.0,h,GOOD,2026-09-08T01:30:00Z
CG-MBK.P-101.RUN_HRS,2026-09-07T12:00:00Z,63284.0,h,GOOD,2026-09-08T01:30:00Z
GA-OLW.P-301A.RUN_HRS,2026-09-07T22:00:00Z,84.0,h,GOOD,2026-09-08T01:30:00Z
GA-OLW.P-999.RUN_HRS,2026-09-06T16:00:00Z,160.0,h,GOOD,2026-09-08T01:30:00Z
GA-JNR.G-402.RUN_HRS,2026-09-07T12:00:00Z,205286.0,h,GOOD,2026-09-08T01:30:00Z
GA-OLW.P-777.RUN_HRS,2026-09-08T01:00:00Z,33018.1,h,GOOD,2026-09-08T01:30:00Z
GA-JNR.G-402.RUN_HRS,2026-09-06T14:00:00Z,205264.0,h,GOOD,2026-09-08T01:30:00Z
GA-JNR.G-402.RUN_HRS,2026-09-06T19:00:00Z,205269.0,h,GOOD,2026-09-08T01:30:00Z
CG-MBK.P-101.RUN_HRS,2026-09-07T22:00:00Z,63289.0,h,GOOD,2026-09-08T01:30:00Z
GA-JNR.PRESS-2001.PV,2026-09-06T21:00:00Z,12.54,barg,GOOD,2026-09-08T01:30:00Z
GA-OLW.P-999.RUN_HRS,2026-09-07T18:00:00Z,186.0,h,GOOD,2026-09-08T01:30:00Z
GA-JNR.PG.RUN_HRS,2026-09-06T22:00:00Z,415308.0,h,GOOD,2026-09-08T01:30:00Z
GA-OLW.P-301A.RUN_HRS,2026-09-06T15:00:00Z,53.0,h,GOOD,2026-09-08T01:30:00Z
GA-OLW.P-777.RUN_HRS,2026-09-07T07:00:00Z,33016.3,h,GOOD,2026-09-08T01:30:00Z
GA-OLW.P-999.RUN_HRS,2026-09-07T22:00:00Z,190.0,h,GOOD,2026-09-08T01:30:00Z
GA-JNR.PRESS-2001.PV,2026-09-07T10:00:00Z,13.1,barg,GOOD,2026-09-08T01:30:00Z
GA-JNR.PG.RUN_HRS,2026-09-07T14:00:00Z,415340.0,h,GOOD,2026-09-08T01:30:00Z
GA-JNR.G-401.RUN_HRS,2026-09-07T09:00:00Z,210705.0,h,GOOD,2026-09-08T01:30:00Z
GA-OLW.K-101B.RUN_HRS,2026-09-07T02:00:00Z,172003.0,h,GOOD,2026-09-08T01:30:00Z
GA-OLW.K-101B.RUN_HRS,2026-09-07T19:00:00Z,172003.0,h,GOOD,2026-09-08T01:30:00Z
GA-OLW.K-101A.RUN_HRS,2026-09-07T09:00:00Z,185585.0,h,GOOD,2026-09-08T01:30:00Z
GA-OLW.K-101B.RUN_HRS,2026-09-07T12:00:00Z,172003.0,h,GOOD,2026-09-08T01:30:00Z
GA-JNR.K-101.RUN_HRS,2026-09-07T01:00:00Z,150057.0,h,GOOD,2026-09-08T01:30:00Z
GA-OLW.P-301B.RUN_HRS,2026-09-07T03:00:00Z,2469660.0,min,GOOD,2026-09-08T01:30:00Z
GA-OLW.P-301A.RUN_HRS,2026-09-06T23:00:00Z,61.0,h,GOOD,2026-09-08T01:30:00Z
GA-JNR.PRESS-2001.PV,2026-09-06T19:00:00Z,11.96,barg,GOOD,2026-09-08T01:30:00Z
GA-OLW.P-999.RUN_HRS,2026-09-07T03:00:00Z,171.0,h,GOOD,2026-09-08T01:30:00Z
GA-JNR.G-401.RUN_HRS,2026-09-06T16:00:00Z,210688.0,h,GOOD,2026-09-08T01:30:00Z
GA-JNR.K-101.RUN_HRS,2026-09-07T16:00:00Z,150072.0,h,GOOD,2026-09-08T01:30:00Z
GA-OLW.K-101A.RUN_HRS,2026-09-07T20:00:00Z,185596.0,h,GOOD,2026-09-08T01:30:00Z
GA-JNR.G-401.RUN_HRS,2026-09-07T03:00:00Z,210699.0,h,GOOD,2026-09-08T01:30:00Z
GA-JNR.PG.RUN_HRS,2026-09-07T22:00:00Z,415356.0,h,GOOD,2026-09-08T01:30:00Z
GA-JNR.G-401.RUN_HRS,2026-09-07T16:00:00Z,210712.0,h,GOOD,2026-09-08T01:30:00Z
GA-OLW.P-301B.RUN_HRS,2026-09-07T09:00:00Z,2470020.0,min,GOOD,2026-09-08T01:30:00Z
CG-MBK.P-101.RUN_HRS,2026-09-06T22:00:00Z,63277.0,h,GOOD,2026-09-08T01:30:00Z
GA-JNR.K-101.RUN_HRS,2026-09-07T17:00:00Z,150073.0,h,GOOD,2026-09-08T01:30:00Z
GA-JNR.K-101.RUN_HRS,2026-09-07T15:00:00Z,150071.0,h,GOOD,2026-09-08T01:30:00Z
GA-OLW.K-101A.RUN_HRS,2026-09-06T20:00:00Z,185572.0,h,GOOD,2026-09-08T01:30:00Z
GA-JNR.PG.RUN_HRS,2026-09-07T12:00:00Z,415336.0,h,GOOD,2026-09-08T01:30:00Z
GA-OLW.P-301B.RUN_HRS,2026-09-07T18:00:00Z,2470560.0,min,GOOD,2026-09-08T01:30:00Z
GA-OLW.K-101A.RUN_HRS,2026-09-07T12:00:00Z,185588.0,h,GOOD,2026-09-08T01:30:00Z
GA-JNR.G-402.RUN_HRS,2026-09-07T01:00:00Z,205275.0,h,GOOD,2026-09-08T01:30:00Z
GA-JNR.G-402.RUN_HRS,2026-09-06T17:00:00Z,205267.0,h,GOOD,2026-09-08T01:30:00Z
GA-OLW.K-101A.RUN_HRS,2026-09-07T08:00:00Z,185584.0,h,GOOD,2026-09-08T01:30:00Z
GA-OLW.P-301A.RUN_HRS,2026-09-06T22:00:00Z,60.0,h,GOOD,2026-09-08T01:30:00Z
GA-OLW.P-999.RUN_HRS,2026-09-06T14:00:00Z,158.0,h,GOOD,2026-09-08T01:30:00Z
GA-JNR.PG.RUN_HRS,2026-09-07T02:00:00Z,415316.0,h,GOOD,2026-09-08T01:30:00Z
GA-OLW.P-777.RUN_HRS,2026-09-07T12:00:00Z,33016.8,h,GOOD,2026-09-08T01:30:00Z
GA-OLW.P-777.RUN_HRS,2026-09-07T06:00:00Z,33016.2,h,GOOD,2026-09-08T01:30:00Z
CG-MBK.P-101.RUN_HRS,2026-09-07T20:00:00Z,63288.0,h,GOOD,2026-09-08T01:30:00Z
GA-OLW.P-999.RUN_HRS,2026-09-06T17:00:00Z,161.0,h,GOOD,2026-09-08T01:30:00Z
GA-JNR.G-401.RUN_HRS,2026-09-07T22:00:00Z,210718.0,h,GOOD,2026-09-08T01:30:00Z
GA-OLW.P-777.RUN_HRS,2026-09-07T15:00:00Z,33017.1,h,GOOD,2026-09-08T01:30:00Z
GA-OLW.P-777.RUN_HRS,2026-09-06T15:00:00Z,33014.7,h,GOOD,2026-09-08T01:30:00Z
GA-JNR.PG.RUN_HRS,2026-09-07T10:00:00Z,415332.0,h,GOOD,2026-09-08T01:30:00Z
GA-OLW.P-301B.RUN_HRS,2026-09-07T17:00:00Z,2470500.0,min,GOOD,2026-09-08T01:30:00Z
GA-OLW.P-777.RUN_HRS,2026-09-06T18:00:00Z,33015.0,h,GOOD,2026-09-08T01:30:00Z
GA-OLW.K-101A.RUN_HRS,2026-09-07T06:00:00Z,185582.0,h,GOOD,2026-09-08T01:30:00Z
GA-OLW.K-101A.RUN_HRS,2026-09-07T21:00:00Z,185597.0,h,GOOD,2026-09-08T01:30:00Z
GA-JNR.K-101.RUN_HRS,2026-09-07T21:00:00Z,150077.0,h,GOOD,2026-09-08T01:30:00Z
GA-OLW.K-101B.RUN_HRS,2026-09-06T22:00:00Z,172003.0,h,GOOD,2026-09-08T01:30:00Z
GA-OLW.P-301B.RUN_HRS,2026-09-06T23:00:00Z,2469420.0,min,GOOD,2026-09-08T01:30:00Z
GA-OLW.P-777.RUN_HRS,2026-09-07T23:00:00Z,33017.9,h,GOOD,2026-09-08T01:30:00Z
GA-JNR.G-401.RUN_HRS,2026-09-07T13:00:00Z,210709.0,h,GOOD,2026-09-08T01:30:00Z
GA-OLW.K-101A.RUN_HRS,2026-09-06T18:00:00Z,185570.0,h,GOOD,2026-09-08T01:30:00Z
GA-JNR.K-101.RUN_HRS,2026-09-06T21:00:00Z,150053.0,h,GOOD,2026-09-08T01:30:00Z
GA-JNR.PRESS-2001.PV,2026-09-07T05:00:00Z,11.71,barg,GOOD,2026-09-08T01:30:00Z
GA-OLW.K-101A.RUN_HRS,2026-09-08T01:00:00Z,185601.0,h,GOOD,2026-09-08T01:30:00Z
GA-OLW.K-101A.RUN_HRS,2026-09-07T03:00:00Z,185579.0,h,GOOD,2026-09-08T01:30:00Z
GA-OLW.K-101B.RUN_HRS,2026-09-07T04:00:00Z,172003.0,h,GOOD,2026-09-08T01:30:00Z
GA-OLW.P-301B.RUN_HRS,2026-09-06T19:00:00Z,2469180.0,min,GOOD,2026-09-08T01:30:00Z
GA-OLW.K-101A.RUN_HRS,2026-09-06T14:00:00Z,185566.0,h,GOOD,2026-09-08T01:30:00Z
GA-JNR.PRESS-2001.PV,2026-09-06T14:00:00Z,13.19,barg,GOOD,2026-09-08T01:30:00Z
GA-JNR.G-402.RUN_HRS,2026-09-06T22:00:00Z,205272.0,h,GOOD,2026-09-08T01:30:00Z
GA-JNR.K-101.RUN_HRS,2026-09-07T06:00:00Z,150062.0,h,GOOD,2026-09-08T01:30:00Z
GA-JNR.G-402.RUN_HRS,2026-09-07T09:00:00Z,205283.0,h,GOOD,2026-09-08T01:30:00Z
CG-MBK.P-101.RUN_HRS,2026-09-07T13:00:00Z,63284.5,h,GOOD,2026-09-08T01:30:00Z
GA-OLW.K-101B.RUN_HRS,2026-09-07T05:00:00Z,172003.0,h,GOOD,2026-09-08T01:30:00Z
GA-OLW.P-777.RUN_HRS,2026-09-06T21:00:00Z,33015.3,h,GOOD,2026-09-08T01:30:00Z
GA-JNR.PRESS-2001.PV,2026-09-07T06:00:00Z,11.98,barg,GOOD,2026-09-08T01:30:00Z
GA-JNR.PG.RUN_HRS,2026-09-07T23:00:00Z,415358.0,h,GOOD,2026-09-08T01:30:00Z
GA-JNR.G-402.RUN_HRS,2026-09-07T18:00:00Z,205292.0,h,GOOD,2026-09-08T01:30:00Z
GA-JNR.G-401.RUN_HRS,2026-09-07T10:00:00Z,210706.0,h,GOOD,2026-09-08T01:30:00Z
